Date,URL,Author,Sentiment Type,Sentiment score
2016-05-02,http://blogs.wsj.com/chinarealtime/2016/05/01/shanghai-disneyland-draws-crowds-and-its-not-even-open-yet/,James T. Areddy,positive,0.130705
2016-05-02,http://blogs.wsj.com/chinarealtime/2016/04/30/gucci-cracks-down-on-netherworld-knock-offs/,Anjie Zheng,negative,-0.0792425
2016-05-02,http://blogs.wsj.com/chinarealtime/2016/04/29/man-on-the-moon-china-sets-lunar-mission-date/,WSJ Staff,positive,0.143829
2016-05-02,http://blogs.wsj.com/chinarealtime/2016/04/29/the-silver-lining-in-a-stronger-yen/,Min Zeng,negative,-0.335634
2016-05-02,http://blogs.wsj.com/chinarealtime/2016/04/29/as-chinas-smartphone-market-matures-higher-priced-handsets-are-on-the-rise/,Juro Osawa,positive,0.455274
2016-05-02,http://blogs.wsj.com/chinarealtime/2016/04/29/carl-icahn-dumps-apple/,John Carney,negative,-0.442122
2016-05-02,http://blogs.wsj.com/chinarealtime/2016/04/29/china-gives-police-broad-powers-over-foreign-nonprofits/,Josh Chin,negative,-0.39437
2016-05-02,http://blogs.wsj.com/chinarealtime/2016/04/29/chinese-rights-lawyer-strikes-back-at-aba-over-scuttled-book/,Felicia Sonmez,negative,-0.419465
2016-05-02,http://blogs.wsj.com/chinarealtime/2016/04/28/apples-2016-1q-slowdown-the-china-factor/,Felicia Sonmez,positive,0.0946358
2016-05-02,http://blogs.wsj.com/chinarealtime/2016/04/28/emerging-markets-play-into-feds-hands-thanks-to-china/,James Mackintosh,negative,-0.519199
